cohort_month,0
2022-01,802573.8112582781
2023-01,813794.8804024636
2023-02,824397.193383288
2023-03,819518.4104431984
2023-04,821364.1164466786
2023-05,821676.4340266052
2023-06,827781.6426230258
2023-07,821100.2722620677
2023-08,818982.0876458011
2023-09,818656.1744292238
2023-10,818516.9668408115
2023-11,820576.5790953438
2023-12,825272.6110291132
